filename, Gara, Naruto, Sakura, Tsunade, Unlabeled
29671_jpg.rf.c25904a2a5a9a83d255752975bab7efe.jpg, 0, 1, 0, 0, 0
11141_jpg.rf.c5dcffb394e9859d8ce7c120f8f95995.jpg, 0, 0, 1, 0, 0
5568_jpg.rf.cab25d9f2dee2771d6807b4e48731910.jpg, 0, 0, 0, 1, 0
22407_jpg.rf.c866bcc27a5e6102d8eff5633f91d959.jpg, 0, 0, 1, 0, 0
4035_jpg.rf.c7149a6ead730311c343caa3d022a923.jpg, 0, 1, 0, 0, 0
46059_jpg.rf.cefcc80d977d883c593b395012c0e001.jpg, 0, 1, 0, 0, 0
1367_jpg.rf.c07d514d8e9f9d6514cb9bebdd95311d.jpg, 0, 0, 0, 1, 0
41814_jpg.rf.cf068983e5b3b6b7789e84dd15d810b9.jpg, 0, 1, 0, 0, 0
29666_jpg.rf.ca55880cf65e14a3097882bd8898b60c.jpg, 0, 1, 0, 0, 0
1445_jpg.rf.ca3e75983783f27e3bcaabb074f87e1d.jpg, 0, 0, 1, 0, 0
8528_jpg.rf.c28dfecd8c9ff6461cba555cddf6f8a3.jpg, 0, 0, 1, 0, 0
6426_jpg.rf.bfe335f3f9fc159e88a38196af65f3c3.jpg, 0, 0, 1, 0, 0
10871_jpg.rf.c1b679568884f294e9d39c033f7f78bb.jpg, 0, 0, 1, 0, 0
42780_jpg.rf.d0c17ab8b2e0175c0cfed7578c00a01c.jpg, 0, 0, 1, 0, 0
8216_jpg.rf.bfd1018ef7573ec9863a5800e99c99a9.jpg, 0, 1, 0, 0, 0
11058_jpg.rf.bf6aff5367e663a58418a21346321892.jpg, 0, 0, 0, 0, 1
25496_jpg.rf.ca7b3599038e66538a4be1499034436c.jpg, 0, 1, 0, 0, 0
9770_jpg.rf.c1d2c7178c2f329da9b5e716526d2819.jpg, 0, 0, 1, 0, 0
42776_jpg.rf.d0f78a14e5d0a6cd39746985e1148201.jpg, 0, 0, 1, 0, 0
23343_jpg.rf.cfa99b0f1eaaab12967665a904443cf8.jpg, 1, 0, 0, 0, 0
85_jpg.rf.c74fc33739b84c50b0ddcf5c5684db29.jpg, 0, 1, 0, 0, 0
6429_jpg.rf.d173672a7f79ec39625df8dd0843b036.jpg, 0, 0, 1, 0, 0
22402_jpg.rf.cfbe47af07a03ed4be11cc9474caa74f.jpg, 0, 0, 1, 0, 0
16582_jpg.rf.d2386aed3bf8c696fed2d1b4f9563861.jpg, 0, 1, 0, 0, 0
16441_jpg.rf.d5769623aeda7c1b7ef0df7ec6b9c10c.jpg, 0, 1, 0, 0, 0
9083_jpg.rf.d2b95daaef5fccbe6ca2b89c92ac26b3.jpg, 0, 1, 0, 0, 0
25532_jpg.rf.d57263dcc4de07302743dd8cdf237d28.jpg, 0, 1, 0, 0, 0
25538_jpg.rf.cf58e83a063ed26f8dd2bc825b507bb3.jpg, 0, 1, 0, 0, 0
43598_jpg.rf.c8d4c0cd91c9e7a0b682b7622190e6de.jpg, 0, 1, 0, 0, 0
849_jpg.rf.d725555d2e7f948a932aa4d551860ab6.jpg, 0, 1, 0, 0, 0
22192_jpg.rf.d701ed0a27cf654c58a7a33f739a2744.jpg, 0, 1, 0, 0, 0
40325_jpg.rf.d7d0c8989c76b1a598c9413e0f0f5184.jpg, 0, 1, 0, 0, 0
6674_jpg.rf.d89195de10b11788fa03be389f3f0286.jpg, 0, 1, 0, 0, 0
17812_jpg.rf.d897e71b51681fd4cadaf5f631e647cf.jpg, 1, 0, 0, 0, 0
25550_jpg.rf.d9de4285ddf39c919f0dec43f1677f46.jpg, 0, 1, 0, 0, 0
42772_jpg.rf.d92a8dc93bed9846f23539bd1409ba48.jpg, 0, 0, 1, 0, 0
16434_jpg.rf.da03e885be8c08fd09171312dfad0160.jpg, 0, 1, 0, 0, 0
8700_jpg.rf.daaea987728b6e593e842cbc2918daa2.jpg, 0, 1, 0, 0, 0
11061_jpg.rf.daac0c23a9ab212f53620373f28d0f0c.jpg, 0, 1, 0, 0, 0
6978_jpg.rf.db0507f7ddec0c27e66d74ec0c4e6a72.jpg, 0, 0, 1, 0, 0
23029_jpg.rf.dbbae7da4be04e4718eafc68da3d336e.jpg, 1, 0, 0, 0, 0
25364_jpg.rf.dcfaba04e81bebc6285a4874d00b3a99.jpg, 1, 0, 0, 0, 0
5724_jpg.rf.da274f56c31c1ecdc9bdc6e96c5093c0.jpg, 0, 1, 0, 0, 0
5642_jpg.rf.df58fa55ca183af6189592318e8d0014.jpg, 0, 0, 1, 0, 0
3605_jpg.rf.e014fc606cbec529c41de4790e11a745.jpg, 1, 0, 0, 0, 0
6884_jpg.rf.e68c7e5662f3b321d991980015898cf5.jpg, 1, 0, 0, 0, 0
890_jpg.rf.e6dab641c33ae973c869251d17db8b8f.jpg, 0, 1, 0, 0, 0
22387_jpg.rf.dc0179f6d9f8fe73a8bf8a9bfb6ccd20.jpg, 0, 0, 1, 0, 0
10000_jpg.rf.e71aa785ed9c353b30baacdd7bc2c6ed.jpg, 0, 0, 1, 0, 0
46062_jpg.rf.e810851a74c76c45504945f944916be0.jpg, 0, 1, 0, 0, 0
11871_jpg.rf.e781f6c0b556daf75c692cacecb67d41.jpg, 0, 1, 0, 0, 0
24301_jpg.rf.e874dca3acc2b72b175367996fb7a339.jpg, 0, 0, 0, 1, 0
12657_jpg.rf.e9ab5e4c691000903acbe060dbe2f144.jpg, 0, 1, 0, 0, 0
11329_jpg.rf.ea1ef3e911a23c25654f228c8ab56e51.jpg, 1, 0, 0, 0, 0
21101_jpg.rf.ea43cc42d8c98e329308e677a176d047.jpg, 0, 0, 0, 0, 1
8707_jpg.rf.e9dba2bee903ced4855137259aa830ae.jpg, 0, 1, 0, 0, 0
37100_jpg.rf.ee2db2c0a2a700ca23f2c0ea30065bcc.jpg, 0, 1, 0, 0, 0
13862_jpg.rf.ebd9e641dff41b80abc8a0b2254c4472.jpg, 1, 0, 0, 0, 0
42919_jpg.rf.ef58a048d1a6a3c0945e56046b44db5a.jpg, 0, 0, 0, 1, 0
25556_jpg.rf.f1eb32a6cdc71b54f3a55afe2feae026.jpg, 0, 1, 0, 0, 0
46071_jpg.rf.ef43aa4cdac43626e7ffd9125d74565a.jpg, 0, 1, 0, 0, 0
29665_jpg.rf.f1f1b0f99e7eec15f37da3c402214ada.jpg, 0, 1, 0, 0, 0
12849_jpg.rf.f3704725bbb498ea27fa728d48d922ed.jpg, 0, 0, 1, 0, 0
194_jpg.rf.f24d10e2f2f99cf01a76d65380b637d6.jpg, 0, 1, 0, 0, 0
25281_jpg.rf.d58f09debe06e96dd3eb71264fdd61e7.jpg, 1, 0, 0, 0, 0
3877_jpg.rf.f39950083e9cc7b22841c38a43e2b119.jpg, 1, 0, 0, 0, 0
24305_jpg.rf.f682ee792cb8dd3f738d08d8397e1bcf.jpg, 0, 0, 0, 1, 0
2061_jpg.rf.f4da375b632cb9ccbe6000cbe057f16d.jpg, 0, 1, 0, 0, 0
29234_jpg.rf.f717a8935f9506ef7abbee1be85e1f49.jpg, 0, 0, 1, 0, 0
20572_jpg.rf.f7a9e7ad9ee161b04d6a037ec7348f07.jpg, 1, 0, 0, 0, 0
46067_jpg.rf.f87e605c418efa4544e78f95c6e5607b.jpg, 0, 1, 0, 0, 0
8725_jpg.rf.f7baeecb0dab8828968b4f83c05e6492.jpg, 0, 0, 1, 0, 0
25363_jpg.rf.fa2240bd195124fe9cfdc0dda3811f26.jpg, 1, 0, 0, 0, 0
43575_jpg.rf.fadd5ec8443f7833b767460ff5151498.jpg, 0, 1, 0, 0, 0
25544_jpg.rf.fb727ed5a50f1f44b053530314155276.jpg, 0, 1, 0, 0, 0
40216_jpg.rf.f98d9930f8e93bb77e6761af676062ea.jpg, 0, 0, 0, 1, 0
22193_jpg.rf.fb311f6051416f264f5f2416945916a9.jpg, 0, 1, 0, 0, 0
43616_jpg.rf.fc54ad8ccb12e6d5a7a15f462709b987.jpg, 0, 1, 0, 0, 0
6269_jpg.rf.fc73faeec99cc1c12f744aa642a1a997.jpg, 0, 0, 0, 1, 0
1399_jpg.rf.fee4b35bafaf46a4b2c23bc8163d4db4.jpg, 0, 1, 0, 0, 0
42778_jpg.rf.0019165193cd81843b998a516d1117cd.jpg, 0, 0, 1, 0, 0
614_jpg.rf.00477d1fa111dda308eee71beb28ee78.jpg, 0, 0, 0, 1, 0
40978_jpg.rf.013918f6e03b597ea04763c6825a97da.jpg, 0, 0, 0, 1, 0
11044_jpg.rf.003987776e93b82ce89806de6c611f23.jpg, 0, 0, 1, 0, 0
22203_jpg.rf.01e346f7544e684032130f7e4b9123d6.jpg, 0, 1, 0, 0, 0
42807_jpg.rf.02be1594685d02b47b0c6c79decef7b2.jpg, 0, 0, 0, 1, 0
8699_jpg.rf.01a14393db9fff11ef6be0b99bb681ab.jpg, 0, 1, 0, 0, 0
11048_jpg.rf.02f600794028257149cdd8fced75f379.jpg, 0, 1, 0, 0, 0
6881_jpg.rf.02caa826d99375a9a673d9b20a8140c5.jpg, 1, 0, 0, 0, 0
29696_jpg.rf.031d6788b0ce15c085262e1b70dd2edc.jpg, 0, 0, 1, 0, 0
37101_jpg.rf.04a643045ede641f1619f9361c7034a0.jpg, 0, 1, 0, 0, 0
24366_jpg.rf.04e4cd5158ef4f4071ea8d3e64d16573.jpg, 0, 0, 0, 1, 0
5605_jpg.rf.052157c1e848a2876d594d22549a0017.jpg, 0, 0, 0, 0, 1
16426_jpg.rf.05321ab07683ea4ccb1866d03d134911.jpg, 0, 0, 1, 0, 0
3596_jpg.rf.058ac899789bb1e6d9a3b1b7a3a5b4d3.jpg, 1, 0, 0, 0, 0
10314_jpg.rf.06533ecffee5a9a63cec626beb982b3f.jpg, 0, 0, 1, 0, 0
1655_jpg.rf.07e7e232fa6feac23357bdbaaa701cf7.jpg, 0, 0, 0, 1, 0
11114_jpg.rf.0577d4019c8fed52839cbd97b3f14f71.jpg, 0, 0, 1, 0, 0
629_jpg.rf.08ffad1c1366cf03771e12ac836e43c0.jpg, 0, 1, 0, 0, 0
22409_jpg.rf.080b9e46ec8db8252c4b481a38a6dd4e.jpg, 0, 0, 1, 0, 0
1560_jpg.rf.09268ed94385c04a0ca112ac031a0992.jpg, 0, 1, 0, 0, 0
24306_jpg.rf.0917c63a503b6f4433daacc9b3b6558c.jpg, 0, 0, 0, 1, 0
3425_jpg.rf.09df41ad7cd155690d85f7406f8fb971.jpg, 0, 0, 0, 0, 1
3725_jpg.rf.0ae2f2008743eae2df23ffd3689cd30d.jpg, 1, 0, 0, 0, 0
24298_jpg.rf.0ab2dbedd5de188ec4c6307577f162c5.jpg, 0, 0, 0, 1, 0
20577_jpg.rf.0dd3890c961f60d2fb436048989a6d8e.jpg, 1, 0, 0, 0, 0
696_jpg.rf.0f1c52dd6ea0dda017e01887184a8a43.jpg, 0, 1, 0, 0, 0
675_jpg.rf.0b1c52bc36e856a471f86c8d1fc74fb3.jpg, 0, 1, 0, 0, 0
21110_jpg.rf.0fa67ce443c1aefdae41fde3fd259be2.jpg, 0, 0, 1, 0, 0
11060_jpg.rf.10093a1ced1d88dd5045266ba32ff62b.jpg, 0, 1, 0, 0, 0
10869_jpg.rf.0f92b9f27c96db4340fc016ed5dedafa.jpg, 0, 0, 1, 0, 0
23051_jpg.rf.114187efc2a9d23e200caabb2aaf949c.jpg, 1, 0, 0, 0, 0
1891_jpg.rf.138b40be3cc3881becb27d9f3a87e121.jpg, 0, 1, 0, 0, 0
22697_jpg.rf.12f29a0134ad1ecd01282f8b2d1d2001.jpg, 1, 0, 0, 0, 0
11037_jpg.rf.138f310a466a902a2490e7204a3ca966.jpg, 0, 0, 1, 0, 0
22695_jpg.rf.145bd8ac023ff6f4710b957af5d7b8c2.jpg, 1, 0, 0, 0, 0
41919_jpg.rf.1815579cec4075a26b7c2f5324c4733d.jpg, 0, 1, 0, 0, 0
22398_jpg.rf.1603a09a4ecb7cfb07a2eb82a673978a.jpg, 0, 0, 1, 0, 0
1227_jpg.rf.182e5002d0e09b24a400b4f9d1f1c8c2.jpg, 0, 0, 0, 1, 0
16430_jpg.rf.185eacc5ece9aab9b51d6ec49f2e4fe8.jpg, 0, 1, 0, 0, 0
16443_jpg.rf.1a9d15621eb80d8bdda7a9a51ee88433.jpg, 0, 1, 0, 0, 0
8719_jpg.rf.1b3ee688a3a1e89c203921bfba4c6c38.jpg, 0, 0, 1, 0, 0
11924_jpg.rf.1cd4a99dcc87925850fcf6764c8565e1.jpg, 0, 1, 0, 0, 0
11041_jpg.rf.1f7ea009b4793edeb257b9ef78f14932.jpg, 0, 0, 1, 0, 0
5730_jpg.rf.1ff3ba4c2a12669dc611335fddb29334.jpg, 0, 1, 0, 0, 0
42773_jpg.rf.1db7b184f9d84d9ca470c5077bcfce76.jpg, 0, 0, 1, 0, 0
25279_jpg.rf.20615ecb881f4e4dee7b235cf97d1e0f.jpg, 1, 0, 0, 0, 0
29667_jpg.rf.1d6e0a908b655788af428eb428cdc3ca.jpg, 0, 1, 0, 0, 0
10316_jpg.rf.2105ccb916361d7c62b076bb52d21de6.jpg, 0, 0, 1, 0, 0
488_jpg.rf.23843397c00b063dc704959762251cae.jpg, 0, 1, 0, 0, 0
10315_jpg.rf.225bed41fc23b824f99ee5af1af85016.jpg, 0, 0, 1, 0, 0
22085_jpg.rf.23a943bd3087acad37c470a50bfe1e07.jpg, 0, 0, 1, 0, 0
42784_jpg.rf.27d34452001b12521e32fd69898ec24c.jpg, 0, 0, 0, 1, 0
16515_jpg.rf.270e3bc22c3db34cf80a43b2bff5564d.jpg, 0, 0, 1, 0, 0
24463_jpg.rf.268b7e6b722377892ca99c17d260fe8e.jpg, 0, 0, 0, 1, 0
24470_jpg.rf.28607772de27b561835306e0aa4ea95b.jpg, 0, 0, 0, 1, 0
16439_jpg.rf.286e9b0e8658a6154907482dfd5d91dc.jpg, 0, 1, 0, 0, 0
71_jpg.rf.296cf13ed3447ca6225291bc431f20f5.jpg, 0, 1, 0, 0, 0
5722_jpg.rf.29be3619764324d25ed6f0688127c5dd.jpg, 0, 1, 0, 0, 0
2286_jpg.rf.2ae20b4719b8d0395a9cbe60c70755a5.jpg, 0, 0, 1, 0, 0
18892_jpg.rf.2c02c0a69205e29482f0feb18e7833a3.jpg, 0, 0, 1, 0, 0
22405_jpg.rf.2db1ee6a53c2a1cc274085567c463d84.jpg, 0, 0, 1, 0, 0
22190_jpg.rf.2f267f9c45dfeed816652ed2478f3bde.jpg, 0, 1, 0, 0, 0
41878_jpg.rf.30a62ebd5d96e0d7cde795ad15acc6a0.jpg, 0, 0, 0, 0, 1
10867_jpg.rf.31f4ff302f31a365d73e0f4dfc7dcbf9.jpg, 0, 0, 1, 0, 0
20585_jpg.rf.30411915da569ca4495bf07cdea14398.jpg, 1, 0, 0, 0, 0
3826_jpg.rf.3168626b890123ec35482472317dcc96.jpg, 0, 0, 0, 0, 1
22396_jpg.rf.350dae5eea68444d7e20088b4047b63e.jpg, 0, 0, 1, 0, 0
13863_jpg.rf.39ead84f24eed4d1e0f3106530c4ef31.jpg, 1, 0, 0, 0, 0
22214_jpg.rf.3851b78164126c93fd6579b513c5ce5d.jpg, 0, 1, 0, 0, 0
17166_jpg.rf.37e2f7d785ef7d639d8835d068f8ef60.jpg, 0, 1, 0, 0, 0
3602_jpg.rf.3b65bd238542b9ffcc86f7dbbb0ab99e.jpg, 1, 0, 0, 0, 0
24469_jpg.rf.3bd8f7730e6c4414bcf74cbda55232cf.jpg, 0, 0, 0, 1, 0
42894_jpg.rf.3b922e1e17efb08e2f1df8efe61d1c4f.jpg, 0, 0, 1, 0, 0
25555_jpg.rf.3e39b21955bc8db28a294d00226f86ce.jpg, 0, 1, 0, 0, 0
40199_jpg.rf.3f4caacd2d3d774a8d592385630ea60b.jpg, 0, 0, 0, 1, 0
23325_jpg.rf.4561e2031d50e15b6b6ece2d938ea03c.jpg, 1, 0, 0, 0, 0
40143_jpg.rf.42d23f9787dd544f5ed96dd90a70567c.jpg, 0, 0, 0, 1, 0
41837_jpg.rf.4641669a8b73363d52fe2b0a00c38c7c.jpg, 0, 1, 0, 0, 0
24393_jpg.rf.455094be91b486b3c121d9d4080e253c.jpg, 0, 0, 0, 1, 0
10030_jpg.rf.471013151cc9eaa821126ec7a9fff3ca.jpg, 0, 1, 0, 0, 0
17163_jpg.rf.492718b23afbf2b46e299928a9794f62.jpg, 0, 1, 0, 0, 0
22220_jpg.rf.48e3256e35693e32423a66d67a085ee6.jpg, 0, 1, 0, 0, 0
24372_jpg.rf.47fa48a42e81e9ab8697795e3e2d655b.jpg, 0, 0, 0, 1, 0
25535_jpg.rf.4a36f68b6a9e5072f310ee257491182b.jpg, 0, 1, 0, 0, 0
9774_jpg.rf.4b88ac3a5f057f74d1f554defdb08939.jpg, 0, 0, 1, 0, 0
25551_jpg.rf.4a16e7db4cd9ad6f6b8d268a9edddc6a.jpg, 0, 1, 0, 0, 0
22084_jpg.rf.4c71d4b438e5841b752dec6808f824c3.jpg, 0, 0, 1, 0, 0
24361_jpg.rf.4e15977be216abcb0c2e86f8f032ab84.jpg, 0, 0, 0, 1, 0
41575_jpg.rf.4d2e024417d348b2676da8f8653c0cd0.jpg, 0, 0, 0, 1, 0
27605_jpg.rf.4e4fc4ab7bf1d7d8b6340f5a6f9cef63.jpg, 0, 1, 0, 0, 0
37598_jpg.rf.4ef22a941c046ae3c50ec9b9c50600dd.jpg, 0, 0, 1, 0, 0
25553_jpg.rf.4ef8d811b501bb3986d8926ba644a60e.jpg, 0, 1, 0, 0, 0
43594_jpg.rf.4ff8b42ba5463f8d528701ab9a287e1b.jpg, 0, 1, 0, 0, 0
16518_jpg.rf.4febdb316afd527ef498f0bcf775fa8c.jpg, 0, 0, 1, 0, 0
27604_jpg.rf.506a7de2a149b6246edff63e0708c8bd.jpg, 0, 1, 0, 0, 0
23346_jpg.rf.52e147d7ff87015e8c54523841b6d3b2.jpg, 1, 0, 0, 0, 0
4439_jpg.rf.50ba88077331a061132be04a110d0f6a.jpg, 0, 1, 0, 0, 0
5567_jpg.rf.524e4ff7eab8d2e5d5c8389c0061bdc8.jpg, 0, 0, 0, 1, 0
2029_jpg.rf.536f1d63113a329ef6cb5ee1a36290c6.jpg, 0, 1, 0, 0, 0
11133_jpg.rf.575ac3af685f5d59310825aac95ef5f0.jpg, 0, 0, 1, 0, 0
37599_jpg.rf.56ae7c07f0ebd7c14c5eed9353a9347d.jpg, 0, 0, 1, 0, 0
37596_jpg.rf.5481ecbc8b4ecb9779de39f4378b89db.jpg, 0, 0, 1, 0, 0
3599_jpg.rf.584676dfb63d9038fc5fefee595ba549.jpg, 1, 0, 0, 0, 0
503_jpg.rf.587578631afeb53c99784782a1d2be84.jpg, 0, 0, 0, 1, 0
8716_jpg.rf.5a3c83f9ab4c94ffc4de41fa51d2234b.jpg, 0, 0, 1, 0, 0
22404_jpg.rf.5aa8ce1b71fe74dd1ed507d6620e3274.jpg, 0, 0, 1, 0, 0
21098_jpg.rf.59589b5f8f59619dff7fd454b41217fc.jpg, 0, 1, 1, 0, 0
735_jpg.rf.5ab5548f91c6c74a85068fe5a04d4f79.jpg, 0, 1, 0, 0, 0
24378_jpg.rf.5b5757168decf462c5c587d892f87238.jpg, 0, 0, 1, 1, 0
24367_jpg.rf.613facfc43f6ae36e081313350b020a0.jpg, 0, 0, 0, 1, 0
24374_jpg.rf.61a5ab81e3c60bb298f513b57cd6786a.jpg, 0, 0, 0, 1, 0
9086_jpg.rf.61c4c9de4fed5f1ce7c02d18509c0011.jpg, 0, 1, 0, 0, 0
6441_jpg.rf.63b23da418dbf32bc9ef9ac5af551084.jpg, 0, 1, 0, 0, 0
25360_jpg.rf.6350622a2e29d53e0b038d964854f53f.jpg, 1, 0, 0, 0, 0
10874_jpg.rf.5bd6e23a43557a64d67d3fd685222d82.jpg, 0, 0, 1, 0, 0
11051_jpg.rf.64473245a0d2da0dd75707e4006678d3.jpg, 0, 1, 0, 0, 0
24376_jpg.rf.65608a6ab7c384e472204683efad7658.jpg, 0, 0, 1, 1, 0
42788_jpg.rf.67c24c86d52a91a1eb55588c429c5ae0.jpg, 0, 0, 0, 1, 0
1694_jpg.rf.682d4ef4469741f7d43b8839a4404f4f.jpg, 0, 0, 0, 1, 0
40202_jpg.rf.688fc62194fe054fe9b4d9db1c404797.jpg, 0, 0, 0, 1, 0
11139_jpg.rf.6a05215d12bf6577f04cf4543354a92f.jpg, 0, 0, 1, 0, 0
24742_jpg.rf.6a3099a034a0a59762a82f0e911baa03.jpg, 1, 0, 0, 0, 0
46060_jpg.rf.6a826250ab89c820caa884a14ac15319.jpg, 0, 1, 0, 0, 0
16_jpg.rf.6ab9b6435a061e0f5b7f09daa764e208.jpg, 0, 0, 0, 1, 0
11046_jpg.rf.6d098ff14c1beae9f065a5ac73cf6704.jpg, 0, 0, 1, 0, 0
42768_jpg.rf.6d0c9d275ecc98f6a979ebaa6b9232db.jpg, 0, 0, 1, 0, 0
42923_jpg.rf.6bacee2ab7f823244fa7f9f223c03bca.jpg, 0, 0, 0, 1, 0
8701_jpg.rf.6d39e9048bdb50fd47a689fd2dedd1f0.jpg, 0, 1, 0, 0, 0
22425_jpg.rf.6ed561fc4f65006261dfa6c9207ccca2.jpg, 1, 0, 0, 0, 0
46065_jpg.rf.6fb80042495f1d1f1ef18a93241213ea.jpg, 0, 1, 0, 0, 0
1403_jpg.rf.6e5cd21da159484f1cc01493662835fb.jpg, 0, 1, 0, 0, 0
24391_jpg.rf.72289032ee08f6969ce47c7a2715120f.jpg, 0, 0, 0, 1, 0
2224_jpg.rf.725b67608f5163c996d61438ef323151.jpg, 0, 1, 0, 0, 0
11047_jpg.rf.70c77fa65a39c78c627bdb19e2ec0ead.jpg, 0, 1, 0, 0, 0
6882_jpg.rf.72fe81de6127a05e94d1eb123bc6f5b0.jpg, 1, 0, 0, 0, 0
6888_jpg.rf.741cc5cc281c1c14bcfef6decf9d21c9.jpg, 1, 0, 0, 0, 0
24455_jpg.rf.7386ee7a6c70e2ed514ea53a4387dd02.jpg, 0, 0, 0, 1, 0
42922_jpg.rf.75841593ed1fe264702f662a56e7b8d8.jpg, 0, 0, 1, 0, 0
21140_jpg.rf.76f3cb13fb0ff0e54a7747d78cf2b749.jpg, 0, 1, 0, 0, 0
42755_jpg.rf.77c405f629c7885b7c92d0c9c7fd126e.jpg, 0, 1, 0, 0, 0
10873_jpg.rf.7748dd0b2e42890ecdad662965c36acd.jpg, 0, 0, 1, 0, 0
25276_jpg.rf.7a2db50da68c568da570344519608d06.jpg, 1, 0, 0, 0, 0
11055_jpg.rf.791931dbcc9d7d02752f11069481d2d9.jpg, 0, 1, 0, 0, 0
6982_jpg.rf.7aaea43b6a731cebc52edcf227ea1ec8.jpg, 0, 0, 1, 0, 0
25274_jpg.rf.7bef1903bd9d8e006773d243ebeffdb7.jpg, 1, 0, 0, 0, 0
5569_jpg.rf.7ce6cd26efcaed821c27fe26e6ca14cf.jpg, 0, 0, 0, 1, 0
773_jpg.rf.7cecfa61920cb143daf59852eb94f59d.jpg, 0, 0, 0, 1, 0
22194_jpg.rf.7e761e42eb3a6783cf03b7b4f5197ee5.jpg, 0, 1, 0, 0, 0
29233_jpg.rf.7f5e2df6fde5b6cf72cb1af497e11fc7.jpg, 0, 0, 1, 0, 0
41923_jpg.rf.7f5be81d257439dd7f9f54cc2df66237.jpg, 0, 1, 0, 0, 0
41438_jpg.rf.85396c90868ac51b2cf3090dec5b031e.jpg, 0, 0, 0, 1, 0
22213_jpg.rf.85681b6b954cf2b12eca9307a4912d56.jpg, 0, 1, 0, 0, 0
40207_jpg.rf.8539ac80fecb4ca7ce3c4836396e8470.jpg, 0, 0, 0, 1, 0
43595_jpg.rf.82d459150a5171d9d6e7bc9a1f40ab00.jpg, 0, 1, 0, 0, 0
6430_jpg.rf.8193a6733c1b31881aa3d482aff5e429.jpg, 0, 0, 1, 0, 0
13066_jpg.rf.858fda8384b9baa487a6d5f9ff78c9d2.jpg, 0, 1, 0, 0, 0
6261_jpg.rf.85add1e4e641f045128329d02ca8041e.jpg, 0, 0, 0, 1, 0
41583_jpg.rf.88b4a0e4048408ad28c33440efa813dd.jpg, 0, 0, 0, 1, 0
11056_jpg.rf.88dd9faea9aa90b7e44821997ca917b7.jpg, 0, 1, 0, 0, 0
22322_jpg.rf.8b3644e504d1058cb429fedcb7fc3384.jpg, 0, 0, 0, 0, 1
4033_jpg.rf.8b1f6e02a3e6c5ddfc99d92335ca3263.jpg, 0, 1, 0, 0, 0
2829_jpg.rf.8bf253e534e5adfd5ed58d4ef214b142.jpg, 0, 0, 1, 0, 0
29237_jpg.rf.8d86de1848000ab402e7d261d852a833.jpg, 0, 0, 1, 0, 0
5071_jpg.rf.9109f30a951e413d92a9dbbfbf6e819d.jpg, 1, 0, 0, 0, 0
25499_jpg.rf.907875fc9e646e4e4d7911b1040704c6.jpg, 0, 1, 0, 0, 0
11113_jpg.rf.93e9cd825bc5225c9bdbfe68c4d2e840.jpg, 0, 0, 1, 0, 0
88_jpg.rf.943dd2346b373465fa18ad0111d4153b.jpg, 0, 1, 0, 0, 0
40210_jpg.rf.9302c1fab67f22365b6df9d22961e08d.jpg, 0, 0, 0, 1, 0
10317_jpg.rf.964a180cc809f983d9a05a43b70d65ba.jpg, 0, 0, 1, 0, 0
25361_jpg.rf.95db841fc79fe0e9c42cc3a683453d7d.jpg, 1, 0, 0, 0, 0
10847_jpg.rf.9863a61485d7ae6a0d0a0f3fa522c06e.jpg, 0, 0, 0, 1, 0
27598_jpg.rf.988e60e4f7f704b6b8f3febcb607b825.jpg, 0, 1, 0, 0, 0
24389_jpg.rf.9b4b1274a6c054b7464981420d6ab380.jpg, 0, 0, 0, 1, 0
37099_jpg.rf.98120563a7aed1625c6d79c801be333d.jpg, 0, 1, 0, 0, 0
44_jpg.rf.9ce1a5354e942ee0f09b5bd29b4278ff.jpg, 0, 1, 0, 0, 0
40214_jpg.rf.8aea0265566fef115fb7410711e36040.jpg, 0, 0, 0, 1, 0
16431_jpg.rf.9d71338fef80b795d87fcc24d524c50d.jpg, 0, 1, 0, 0, 0
5606_jpg.rf.9e0064abdb84d0c6005c1381d22815ef.jpg, 0, 0, 1, 0, 0
41423_jpg.rf.9e7d6bbefd0f7d7f8975d83fb2d898d6.jpg, 0, 0, 0, 1, 0
40146_jpg.rf.9dbb85c604aeb5bdc0006f16a52bb779.jpg, 0, 0, 0, 1, 0
37606_jpg.rf.a06720a02504a85a075b97c151be447a.jpg, 0, 0, 1, 0, 0
13861_jpg.rf.9f85b47439371344b35b00551867b1b2.jpg, 1, 0, 0, 0, 0
17914_jpg.rf.a0d1372a8f484c61bccd079b3eff1cd2.jpg, 1, 0, 0, 0, 0
1692_jpg.rf.a20f619edc26ab779d2c905a225edcf7.jpg, 0, 0, 0, 1, 0
23031_jpg.rf.a5acc84317097433b4d7c5902a0b0e06.jpg, 1, 0, 0, 0, 0
8217_jpg.rf.a543cbc1d947ba72e6a002782c05e2f0.jpg, 0, 1, 0, 0, 0
8712_jpg.rf.a86ef47de4867148d49df6c327378883.jpg, 0, 1, 0, 0, 0
22039_jpg.rf.a7ebf1b1bf45ac7337829b28fcedecaf.jpg, 0, 0, 1, 0, 0
29669_jpg.rf.a87470f6bddbf21c367d1b87ebd4a725.jpg, 0, 1, 0, 0, 0
40226_jpg.rf.a8c36c2ee3a7195fd08b65bf3c509878.jpg, 0, 0, 0, 1, 0
23330_jpg.rf.a6bb4b916c26e77a6b14c33e62ba09e5.jpg, 1, 0, 0, 0, 0
42924_jpg.rf.aba0f093dfbeda3b2aa550fa7968cde5.jpg, 0, 0, 1, 0, 0
43572_jpg.rf.ad297c1f0bde8dfa4587010afb620390.jpg, 0, 1, 0, 0, 0
6434_jpg.rf.ad301fb8a1fadee65a1be295948ea3ba.jpg, 0, 0, 1, 0, 0
16429_jpg.rf.ad7ef608605a505cebaf91f1ca6e834a.jpg, 0, 0, 1, 0, 0
24462_jpg.rf.aef1d9b1fd82c3589380c055d3e3c435.jpg, 0, 0, 0, 1, 0
22401_jpg.rf.b097665e00e06b5d44fcfe36386d30ab.jpg, 0, 0, 1, 0, 0
17165_jpg.rf.b154c6dd3a3c2d5ebe1ea3a3072f58c0.jpg, 0, 1, 0, 0, 0
11137_jpg.rf.b154500fcb2c2b8800aa7caea76ce30e.jpg, 0, 0, 1, 0, 0
8703_jpg.rf.b18893495fc2499129fda8656d4742d1.jpg, 0, 1, 0, 0, 0
37142_jpg.rf.b3df0c4ca808631df6207387a9e3b7f9.jpg, 0, 0, 0, 0, 1
10870_jpg.rf.b282528d419287f35ef16a9fdf4e005f.jpg, 0, 0, 1, 0, 0
40318_jpg.rf.b3982f104adbd7f71f878e16e66d96e1.jpg, 0, 1, 0, 0, 0
41586_jpg.rf.b40ae38fddf8597530ec0e34a98444dd.jpg, 0, 0, 0, 1, 0
8697_jpg.rf.b5189aac61fc249872257f11bcb0852c.jpg, 0, 1, 0, 0, 0
16512_jpg.rf.b563a4f6e7113f1c6f41ecfccecf9dff.jpg, 0, 0, 1, 0, 0
25500_jpg.rf.b6b0c4d21c817e7bcea19b799cfab3bc.jpg, 0, 1, 0, 0, 0
18911_jpg.rf.b6596e0bdd7fd2fd49cb7381b5411f29.jpg, 0, 0, 0, 1, 0
4125_jpg.rf.b73c37eb4b68440bd224a429042df970.jpg, 0, 1, 0, 0, 0
46061_jpg.rf.b71806949103ebc8f22b391bfb25c11c.jpg, 0, 1, 0, 0, 0
46070_jpg.rf.b75507d8969ad450d3dec45665f4e637.jpg, 0, 1, 0, 0, 0
22415_jpg.rf.b806ab01adb1722daef7dc7be1b84e4a.jpg, 0, 0, 0, 0, 1
24395_jpg.rf.ba521e9323bd2153664bedf23924fb93.jpg, 0, 0, 1, 1, 0
16850_jpg.rf.bc402bfce1ef241f8fc465f1a65dea0e.jpg, 0, 0, 1, 0, 0
6431_jpg.rf.bae2ad70ba4b0a424c93d9997adce0c6.jpg, 0, 0, 1, 0, 0
11328_jpg.rf.bdc80e1de94f825cf7594015342c946b.jpg, 1, 1, 0, 0, 0
1893_jpg.rf.bea686adcdfde084a30a5ce09551035a.jpg, 0, 1, 0, 0, 0
12850_jpg.rf.be6a0cc982aa25e21f1b2cf6d29849bb.jpg, 0, 0, 1, 0, 0
10864_jpg.rf.bf5584df2400be14c0ed7814b1e9b6ac.jpg, 0, 0, 1, 0, 0